filename,sketch,solvingTime,type
f_01-nw_010-ml_06-0.trace,?u1(!(?1)),0.214,type-all
f_01-nw_010-ml_10-0.trace,?u1(!(?1)),0.276,type-all
f_01-nw_010-ml_14-0.trace,?u1(!(?1)),0.37,type-all
f_01-nw_025-ml_06-0.trace,?u1(!(?1)),0.488,type-all
f_01-nw_025-ml_10-0.trace,?u1(!(?1)),0.457,type-all
f_01-nw_025-ml_14-0.trace,?u1(!(?1)),0.716,type-all
f_01-nw_050-ml_06-0.trace,?u1(!(?1)),0.466,type-all
f_01-nw_050-ml_10-0.trace,?u1(!(?1)),0.873,type-all
f_01-nw_050-ml_14-0.trace,?u1(!(?1)),1.569,type-all
f_01-nw_100-ml_06-0.trace,?u1(!(?1)),0.947,type-all
f_01-nw_100-ml_10-0.trace,?u1(!(?1)),2.184,type-all
f_01-nw_100-ml_14-0.trace,?u1(!(?1)),4.268,type-all
f_01-nw_200-ml_06-0.trace,?u1(!(?1)),2.6,type-all
f_01-nw_200-ml_10-0.trace,?u1(!(?1)),6.75,type-all
f_01-nw_200-ml_14-0.trace,?u1(!(?1)),14.139,type-all
f_01-nw_400-ml_06-0.trace,?u1(!(?1)),7.687,type-all
f_01-nw_400-ml_10-0.trace,?u1(!(?1)),23.806,type-all
f_01-nw_400-ml_14-0.trace,?u1(!(?1)),47.717,type-all
f_01-nw_010-ml_06-0.trace,?u1(!(p)),0.217,type-1-2
f_01-nw_010-ml_10-0.trace,?u1(!(p)),0.271,type-1-2
f_01-nw_010-ml_14-0.trace,?u1(!(p)),0.361,type-1-2
f_01-nw_025-ml_06-0.trace,?u1(!(p)),0.525,type-1-2
f_01-nw_025-ml_10-0.trace,?u1(!(p)),0.446,type-1-2
f_01-nw_025-ml_14-0.trace,?u1(!(p)),0.686,type-1-2
f_01-nw_050-ml_06-0.trace,?u1(!(p)),0.45,type-1-2
f_01-nw_050-ml_10-0.trace,?u1(!(p)),0.868,type-1-2
f_01-nw_050-ml_14-0.trace,?u1(!(p)),1.571,type-1-2
f_01-nw_100-ml_06-0.trace,?u1(!(p)),0.924,type-1-2
f_01-nw_100-ml_10-0.trace,?u1(!(p)),2.165,type-1-2
f_01-nw_100-ml_14-0.trace,?u1(!(p)),4.152,type-1-2
f_01-nw_200-ml_06-0.trace,?u1(!(p)),2.447,type-1-2
f_01-nw_200-ml_10-0.trace,?u1(!(p)),6.698,type-1-2
f_01-nw_200-ml_14-0.trace,?u1(!(p)),13.914,type-1-2
f_01-nw_400-ml_06-0.trace,?u1(!(p)),7.794,type-1-2
f_01-nw_400-ml_10-0.trace,?u1(!(p)),23.671,type-1-2
f_01-nw_400-ml_14-0.trace,?u1(!(p)),47.74,type-1-2
f_01-nw_010-ml_06-0.trace,G(!(?1)),0.184,type-0
f_01-nw_010-ml_10-0.trace,G(!(?1)),0.21,type-0
f_01-nw_010-ml_14-0.trace,G(!(?1)),0.251,type-0
f_01-nw_025-ml_06-0.trace,G(!(?1)),0.387,type-0
f_01-nw_025-ml_10-0.trace,G(!(?1)),0.332,type-0
f_01-nw_025-ml_14-0.trace,G(!(?1)),0.467,type-0
f_01-nw_050-ml_06-0.trace,G(!(?1)),0.345,type-0
f_01-nw_050-ml_10-0.trace,G(!(?1)),0.631,type-0
f_01-nw_050-ml_14-0.trace,G(!(?1)),1.142,type-0
f_01-nw_100-ml_06-0.trace,G(!(?1)),0.743,type-0
f_01-nw_100-ml_10-0.trace,G(!(?1)),1.702,type-0
f_01-nw_100-ml_14-0.trace,G(!(?1)),3.424,type-0
f_01-nw_200-ml_06-0.trace,G(!(?1)),2.059,type-0
f_01-nw_200-ml_10-0.trace,G(!(?1)),5.789,type-0
f_01-nw_200-ml_14-0.trace,G(!(?1)),12.39,type-0
f_01-nw_400-ml_06-0.trace,G(!(?1)),7.167,type-0
f_01-nw_400-ml_10-0.trace,G(!(?1)),22.025,type-0
f_01-nw_400-ml_14-0.trace,G(!(?1)),45.389,type-0
f_02-nw_010-ml_06-0.trace,"->(?1,U(!(p),q))",0.213,type-0
f_02-nw_010-ml_06-0.trace,"?b1(F(q),?b2(!(p),q))",0.416,type-1-2
f_02-nw_010-ml_06-0.trace,"->(?1,?b1(!(p),q))",0.112,type-all
f_02-nw_010-ml_10-0.trace,"->(?1,U(!(p),q))",0.38,type-0
f_02-nw_010-ml_10-0.trace,"?b1(F(q),?b2(!(p),q))",0.706,type-1-2
f_02-nw_010-ml_10-0.trace,"->(?1,?b1(!(p),q))",0.108,type-all
f_02-nw_010-ml_14-0.trace,"->(?1,U(!(p),q))",0.106,type-0
f_02-nw_010-ml_14-0.trace,"?b1(F(q),?b2(!(p),q))",1.112,type-1-2
f_02-nw_010-ml_14-0.trace,"->(?1,?b1(!(p),q))",0.104,type-all
f_02-nw_025-ml_06-0.trace,"->(?1,U(!(p),q))",0.113,type-0
f_02-nw_025-ml_06-0.trace,"?b1(F(q),?b2(!(p),q))",0.782,type-1-2
f_02-nw_025-ml_06-0.trace,"->(?1,?b1(!(p),q))",0.109,type-all
f_02-nw_025-ml_10-0.trace,"->(?1,U(!(p),q))",0.118,type-0
f_02-nw_025-ml_10-0.trace,"?b1(F(q),?b2(!(p),q))",1.789,type-1-2
f_02-nw_025-ml_10-0.trace,"->(?1,?b1(!(p),q))",0.116,type-all
f_02-nw_025-ml_14-0.trace,"->(?1,U(!(p),q))",0.118,type-0
f_02-nw_025-ml_14-0.trace,"?b1(F(q),?b2(!(p),q))",2.915,type-1-2
f_02-nw_025-ml_14-0.trace,"->(?1,?b1(!(p),q))",0.11,type-all
f_02-nw_050-ml_06-0.trace,"->(?1,U(!(p),q))",0.195,type-0
f_02-nw_050-ml_06-0.trace,"?b1(F(q),?b2(!(p),q))",1.634,type-1-2
f_02-nw_050-ml_06-0.trace,"->(?1,?b1(!(p),q))",0.122,type-all
f_02-nw_050-ml_10-0.trace,"->(?1,U(!(p),q))",0.114,type-0
f_02-nw_050-ml_10-0.trace,"?b1(F(q),?b2(!(p),q))",3.814,type-1-2
f_02-nw_050-ml_10-0.trace,"->(?1,?b1(!(p),q))",0.115,type-all
f_02-nw_050-ml_14-0.trace,"->(?1,U(!(p),q))",0.109,type-0
f_02-nw_050-ml_14-0.trace,"?b1(F(q),?b2(!(p),q))",6.897,type-1-2
f_02-nw_050-ml_14-0.trace,"->(?1,?b1(!(p),q))",0.112,type-all
f_02-nw_100-ml_06-0.trace,"->(?1,U(!(p),q))",0.109,type-0
f_02-nw_100-ml_06-0.trace,"?b1(F(q),?b2(!(p),q))",3.472,type-1-2
f_02-nw_100-ml_06-0.trace,"->(?1,?b1(!(p),q))",0.108,type-all
f_02-nw_100-ml_10-0.trace,"->(?1,U(!(p),q))",0.13,type-0
f_02-nw_100-ml_10-0.trace,"?b1(F(q),?b2(!(p),q))",9.078,type-1-2
f_02-nw_100-ml_10-0.trace,"->(?1,?b1(!(p),q))",0.114,type-all
f_02-nw_100-ml_14-0.trace,"->(?1,U(!(p),q))",0.117,type-0
f_02-nw_100-ml_14-0.trace,"?b1(F(q),?b2(!(p),q))",17.441,type-1-2
f_02-nw_100-ml_14-0.trace,"->(?1,?b1(!(p),q))",0.325,type-all
f_02-nw_200-ml_06-0.trace,"->(?1,U(!(p),q))",0.114,type-0
f_02-nw_200-ml_06-0.trace,"?b1(F(q),?b2(!(p),q))",9.737,type-1-2
f_02-nw_200-ml_06-0.trace,"->(?1,?b1(!(p),q))",0.113,type-all
f_02-nw_200-ml_10-0.trace,"->(?1,U(!(p),q))",0.111,type-0
f_02-nw_200-ml_10-0.trace,"?b1(F(q),?b2(!(p),q))",27.926,type-1-2
f_02-nw_200-ml_10-0.trace,"->(?1,?b1(!(p),q))",0.115,type-all
f_02-nw_200-ml_14-0.trace,"->(?1,U(!(p),q))",0.133,type-0
f_02-nw_200-ml_14-0.trace,"?b1(F(q),?b2(!(p),q))",52.598,type-1-2
f_02-nw_200-ml_14-0.trace,"->(?1,?b1(!(p),q))",0.11,type-all
f_02-nw_400-ml_06-0.trace,"->(?1,U(!(p),q))",0.114,type-0
f_02-nw_400-ml_06-0.trace,"?b1(F(q),?b2(!(p),q))",24.591,type-1-2
f_02-nw_400-ml_06-0.trace,"->(?1,?b1(!(p),q))",0.142,type-all
f_02-nw_400-ml_10-0.trace,"->(?1,U(!(p),q))",0.11,type-0
f_02-nw_400-ml_10-0.trace,"?b1(F(q),?b2(!(p),q))",66.292,type-1-2
f_02-nw_400-ml_10-0.trace,"->(?1,?b1(!(p),q))",0.111,type-all
f_02-nw_400-ml_14-0.trace,"->(?1,U(!(p),q))",0.125,type-0
f_02-nw_400-ml_14-0.trace,"?b1(F(q),?b2(!(p),q))",144.986,type-1-2
f_02-nw_400-ml_14-0.trace,"->(?1,?b1(!(p),q))",0.14,type-all
f_03-nw_010-ml_06-0.trace,"G(->(q,?1))",0.456,type-0
f_03-nw_010-ml_06-0.trace,"?u1(->(q,?u1(!(p))))",0.432,type-1-2
f_03-nw_010-ml_06-0.trace,"?u1(->(q,?1))",0.539,type-all
f_03-nw_010-ml_10-0.trace,"G(->(q,?1))",0.684,type-0
f_03-nw_010-ml_10-0.trace,"?u1(->(q,?u1(!(p))))",0.699,type-1-2
f_03-nw_010-ml_10-0.trace,"?u1(->(q,?1))",0.845,type-all
f_03-nw_010-ml_14-0.trace,"G(->(q,?1))",0.898,type-0
f_03-nw_010-ml_14-0.trace,"?u1(->(q,?u1(!(p))))",0.913,type-1-2
f_03-nw_010-ml_14-0.trace,"?u1(->(q,?1))",1.118,type-all
f_03-nw_025-ml_06-0.trace,"G(->(q,?1))",1.833,type-0
f_03-nw_025-ml_06-0.trace,"?u1(->(q,?u1(!(p))))",0.735,type-1-2
f_03-nw_025-ml_06-0.trace,"?u1(->(q,?1))",1.931,type-all
f_03-nw_025-ml_10-0.trace,"G(->(q,?1))",3.819,type-0
f_03-nw_025-ml_10-0.trace,"?u1(->(q,?u1(!(p))))",1.478,type-1-2
f_03-nw_025-ml_10-0.trace,"?u1(->(q,?1))",4.177,type-all
f_03-nw_025-ml_14-0.trace,"G(->(q,?1))",5.624,type-0
f_03-nw_025-ml_14-0.trace,"?u1(->(q,?u1(!(p))))",2.18,type-1-2
f_03-nw_025-ml_14-0.trace,"?u1(->(q,?1))",6.113,type-all
f_03-nw_050-ml_06-0.trace,"G(->(q,?1))",3.379,type-0
f_03-nw_050-ml_06-0.trace,"?u1(->(q,?u1(!(p))))",1.381,type-1-2
f_03-nw_050-ml_06-0.trace,"?u1(->(q,?1))",3.586,type-all
f_03-nw_050-ml_10-0.trace,"G(->(q,?1))",7.673,type-0
f_03-nw_050-ml_10-0.trace,"?u1(->(q,?u1(!(p))))",3.254,type-1-2
f_03-nw_050-ml_10-0.trace,"?u1(->(q,?1))",8.463,type-all
f_03-nw_050-ml_14-0.trace,"G(->(q,?1))",13.209,type-0
f_03-nw_050-ml_14-0.trace,"?u1(->(q,?u1(!(p))))",5.839,type-1-2
f_03-nw_050-ml_14-0.trace,"?u1(->(q,?1))",13.97,type-all
f_03-nw_100-ml_06-0.trace,"G(->(q,?1))",6.892,type-0
f_03-nw_100-ml_06-0.trace,"?u1(->(q,?u1(!(p))))",3.279,type-1-2
f_03-nw_100-ml_06-0.trace,"?u1(->(q,?1))",7.443,type-all
f_03-nw_100-ml_10-0.trace,"G(->(q,?1))",128.053,type-0
f_03-nw_100-ml_10-0.trace,"?u1(->(q,?u1(!(p))))",6.31,type-1-2
f_03-nw_100-ml_10-0.trace,"?u1(->(q,?1))",129.132,type-all
f_03-nw_100-ml_14-0.trace,"G(->(q,?1))",28.776,type-0
f_03-nw_100-ml_14-0.trace,"?u1(->(q,?u1(!(p))))",15.564,type-1-2
f_03-nw_100-ml_14-0.trace,"?u1(->(q,?1))",31.173,type-all
f_03-nw_200-ml_06-0.trace,"G(->(q,?1))",14.625,type-0
f_03-nw_200-ml_06-0.trace,"?u1(->(q,?u1(!(p))))",8.154,type-1-2
f_03-nw_200-ml_06-0.trace,"?u1(->(q,?1))",15.783,type-all
f_03-nw_200-ml_10-0.trace,"G(->(q,?1))",180,type-0
f_03-nw_200-ml_10-0.trace,"?u1(->(q,?u1(!(p))))",21.232,type-1-2
f_03-nw_200-ml_10-0.trace,"?u1(->(q,?1))",180,type-all
f_03-nw_200-ml_14-0.trace,"G(->(q,?1))",74.206,type-0
f_03-nw_200-ml_14-0.trace,"?u1(->(q,?u1(!(p))))",50.593,type-1-2
f_03-nw_200-ml_14-0.trace,"?u1(->(q,?1))",76.619,type-all
f_03-nw_400-ml_06-0.trace,"G(->(q,?1))",40.385,type-0
f_03-nw_400-ml_06-0.trace,"?u1(->(q,?u1(!(p))))",26.648,type-1-2
f_03-nw_400-ml_06-0.trace,"?u1(->(q,?1))",43.208,type-all
f_03-nw_400-ml_10-0.trace,"G(->(q,?1))",180,type-0
f_03-nw_400-ml_10-0.trace,"?u1(->(q,?u1(!(p))))",74.667,type-1-2
f_03-nw_400-ml_10-0.trace,"?u1(->(q,?1))",180,type-all
f_03-nw_400-ml_14-0.trace,"G(->(q,?1))",180,type-0
f_03-nw_400-ml_14-0.trace,"?u1(->(q,?u1(!(p))))",179.139,type-1-2
f_03-nw_400-ml_14-0.trace,"?u1(->(q,?1))",180,type-all
f_04-nw_010-ml_06-0.trace,F(?1),0.176,type-0
f_04-nw_010-ml_06-0.trace,?u1(p),0.212,type-1-2
f_04-nw_010-ml_06-0.trace,?u1(?1),0.206,type-all
f_04-nw_010-ml_10-0.trace,F(?1),0.191,type-0
f_04-nw_010-ml_10-0.trace,?u1(p),0.417,type-1-2
f_04-nw_010-ml_10-0.trace,?u1(?1),0.243,type-all
f_04-nw_010-ml_14-0.trace,F(?1),0.225,type-0
f_04-nw_010-ml_14-0.trace,?u1(p),0.324,type-1-2
f_04-nw_010-ml_14-0.trace,?u1(?1),0.363,type-all
f_04-nw_025-ml_06-0.trace,F(?1),0.222,type-0
f_04-nw_025-ml_06-0.trace,?u1(p),0.276,type-1-2
f_04-nw_025-ml_06-0.trace,?u1(?1),0.502,type-all
f_04-nw_025-ml_10-0.trace,F(?1),0.295,type-0
f_04-nw_025-ml_10-0.trace,?u1(p),0.44,type-1-2
f_04-nw_025-ml_10-0.trace,?u1(?1),0.436,type-all
f_04-nw_025-ml_14-0.trace,F(?1),0.417,type-0
f_04-nw_025-ml_14-0.trace,?u1(p),0.649,type-1-2
f_04-nw_025-ml_14-0.trace,?u1(?1),0.631,type-all
f_04-nw_050-ml_06-0.trace,F(?1),0.334,type-0
f_04-nw_050-ml_06-0.trace,?u1(p),0.44,type-1-2
f_04-nw_050-ml_06-0.trace,?u1(?1),0.452,type-all
f_04-nw_050-ml_10-0.trace,F(?1),0.584,type-0
f_04-nw_050-ml_10-0.trace,?u1(p),0.831,type-1-2
f_04-nw_050-ml_10-0.trace,?u1(?1),0.85,type-all
f_04-nw_050-ml_14-0.trace,F(?1),1.056,type-0
f_04-nw_050-ml_14-0.trace,?u1(p),1.487,type-1-2
f_04-nw_050-ml_14-0.trace,?u1(?1),1.477,type-all
f_04-nw_100-ml_06-0.trace,F(?1),0.665,type-0
f_04-nw_100-ml_06-0.trace,?u1(p),0.862,type-1-2
f_04-nw_100-ml_06-0.trace,?u1(?1),0.857,type-all
f_04-nw_100-ml_10-0.trace,F(?1),2.522,type-0
f_04-nw_100-ml_10-0.trace,?u1(p),3.437,type-1-2
f_04-nw_100-ml_10-0.trace,?u1(?1),3.594,type-all
f_04-nw_100-ml_14-0.trace,F(?1),3.176,type-0
f_04-nw_100-ml_14-0.trace,?u1(p),4.058,type-1-2
f_04-nw_100-ml_14-0.trace,?u1(?1),3.993,type-all
f_04-nw_200-ml_06-0.trace,F(?1),2.083,type-0
f_04-nw_200-ml_06-0.trace,?u1(p),2.486,type-1-2
f_04-nw_200-ml_06-0.trace,?u1(?1),2.478,type-all
f_04-nw_200-ml_10-0.trace,F(?1),5.568,type-0
f_04-nw_200-ml_10-0.trace,?u1(p),6.372,type-1-2
f_04-nw_200-ml_10-0.trace,?u1(?1),6.376,type-all
f_04-nw_200-ml_14-0.trace,F(?1),12.359,type-0
f_04-nw_200-ml_14-0.trace,?u1(p),13.574,type-1-2
f_04-nw_200-ml_14-0.trace,?u1(?1),13.414,type-all
f_04-nw_400-ml_06-0.trace,F(?1),7.599,type-0
f_04-nw_400-ml_06-0.trace,?u1(p),7.91,type-1-2
f_04-nw_400-ml_06-0.trace,?u1(?1),7.91,type-all
f_04-nw_400-ml_10-0.trace,F(?1),22.221,type-0
f_04-nw_400-ml_10-0.trace,?u1(p),23.449,type-1-2
f_04-nw_400-ml_10-0.trace,?u1(?1),24.361,type-all
f_04-nw_400-ml_14-0.trace,F(?1),45.945,type-0
f_04-nw_400-ml_14-0.trace,?u1(p),49.347,type-1-2
f_04-nw_400-ml_14-0.trace,?u1(?1),49.287,type-all
f_05-nw_010-ml_06-0.trace,"|(?1,F(&(p,F(q))))",0.476,type-0
f_05-nw_010-ml_06-0.trace,"?b1(G(!(p)),F(?b2(p,F(q))))",0.519,type-1-2
f_05-nw_010-ml_06-0.trace,"?b1(?1,F(&(p,F(q))))",0.391,type-all
f_05-nw_010-ml_10-0.trace,"|(?1,F(&(p,F(q))))",0.775,type-0
f_05-nw_010-ml_10-0.trace,"?b1(G(!(p)),F(?b2(p,F(q))))",0.911,type-1-2
f_05-nw_010-ml_10-0.trace,"?b1(?1,F(&(p,F(q))))",0.627,type-all
f_05-nw_010-ml_14-0.trace,"|(?1,F(&(p,F(q))))",1.118,type-0
f_05-nw_010-ml_14-0.trace,"?b1(G(!(p)),F(?b2(p,F(q))))",1.231,type-1-2
f_05-nw_010-ml_14-0.trace,"?b1(?1,F(&(p,F(q))))",0.878,type-all
f_05-nw_025-ml_06-0.trace,"|(?1,F(&(p,F(q))))",0.93,type-0
f_05-nw_025-ml_06-0.trace,"?b1(G(!(p)),F(?b2(p,F(q))))",1.012,type-1-2
f_05-nw_025-ml_06-0.trace,"?b1(?1,F(&(p,F(q))))",0.728,type-all
f_05-nw_025-ml_10-0.trace,"|(?1,F(&(p,F(q))))",1.679,type-0
f_05-nw_025-ml_10-0.trace,"?b1(G(!(p)),F(?b2(p,F(q))))",1.858,type-1-2
f_05-nw_025-ml_10-0.trace,"?b1(?1,F(&(p,F(q))))",1.32,type-all
f_05-nw_025-ml_14-0.trace,"|(?1,F(&(p,F(q))))",2.857,type-0
f_05-nw_025-ml_14-0.trace,"?b1(G(!(p)),F(?b2(p,F(q))))",3.1,type-1-2
f_05-nw_025-ml_14-0.trace,"?b1(?1,F(&(p,F(q))))",2.268,type-all
f_05-nw_050-ml_06-0.trace,"|(?1,F(&(p,F(q))))",3.101,type-0
f_05-nw_050-ml_06-0.trace,"?b1(G(!(p)),F(?b2(p,F(q))))",3.593,type-1-2
f_05-nw_050-ml_06-0.trace,"?b1(?1,F(&(p,F(q))))",2.025,type-all
f_05-nw_050-ml_10-0.trace,"|(?1,F(&(p,F(q))))",3.861,type-0
f_05-nw_050-ml_10-0.trace,"?b1(G(!(p)),F(?b2(p,F(q))))",4.195,type-1-2
f_05-nw_050-ml_10-0.trace,"?b1(?1,F(&(p,F(q))))",3.087,type-all
f_05-nw_050-ml_14-0.trace,"|(?1,F(&(p,F(q))))",6.64,type-0
f_05-nw_050-ml_14-0.trace,"?b1(G(!(p)),F(?b2(p,F(q))))",7.283,type-1-2
f_05-nw_050-ml_14-0.trace,"?b1(?1,F(&(p,F(q))))",5.615,type-all
f_05-nw_100-ml_06-0.trace,"|(?1,F(&(p,F(q))))",4.058,type-0
f_05-nw_100-ml_06-0.trace,"?b1(G(!(p)),F(?b2(p,F(q))))",4.398,type-1-2
f_05-nw_100-ml_06-0.trace,"?b1(?1,F(&(p,F(q))))",3.349,type-all
f_05-nw_100-ml_10-0.trace,"|(?1,F(&(p,F(q))))",8.897,type-0
f_05-nw_100-ml_10-0.trace,"?b1(G(!(p)),F(?b2(p,F(q))))",9.75,type-1-2
f_05-nw_100-ml_10-0.trace,"?b1(?1,F(&(p,F(q))))",7.874,type-all
f_05-nw_100-ml_14-0.trace,"|(?1,F(&(p,F(q))))",17.572,type-0
f_05-nw_100-ml_14-0.trace,"?b1(G(!(p)),F(?b2(p,F(q))))",18.629,type-1-2
f_05-nw_100-ml_14-0.trace,"?b1(?1,F(&(p,F(q))))",15.691,type-all
f_05-nw_200-ml_06-0.trace,"|(?1,F(&(p,F(q))))",10.045,type-0
f_05-nw_200-ml_06-0.trace,"?b1(G(!(p)),F(?b2(p,F(q))))",10.305,type-1-2
f_05-nw_200-ml_06-0.trace,"?b1(?1,F(&(p,F(q))))",8.949,type-all
f_05-nw_200-ml_10-0.trace,"|(?1,F(&(p,F(q))))",26.241,type-0
f_05-nw_200-ml_10-0.trace,"?b1(G(!(p)),F(?b2(p,F(q))))",27.268,type-1-2
f_05-nw_200-ml_10-0.trace,"?b1(?1,F(&(p,F(q))))",24.052,type-all
f_05-nw_200-ml_14-0.trace,"|(?1,F(&(p,F(q))))",53.868,type-0
f_05-nw_200-ml_14-0.trace,"?b1(G(!(p)),F(?b2(p,F(q))))",56.591,type-1-2
f_05-nw_200-ml_14-0.trace,"?b1(?1,F(&(p,F(q))))",50.265,type-all
f_05-nw_400-ml_06-0.trace,"|(?1,F(&(p,F(q))))",42.266,type-0
f_05-nw_400-ml_06-0.trace,"?b1(G(!(p)),F(?b2(p,F(q))))",29.271,type-1-2
f_05-nw_400-ml_06-0.trace,"?b1(?1,F(&(p,F(q))))",30.818,type-all
f_05-nw_400-ml_10-0.trace,"|(?1,F(&(p,F(q))))",120.064,type-0
f_05-nw_400-ml_10-0.trace,"?b1(G(!(p)),F(?b2(p,F(q))))",114.829,type-1-2
f_05-nw_400-ml_10-0.trace,"?b1(?1,F(&(p,F(q))))",73.995,type-all
f_05-nw_400-ml_14-0.trace,"|(?1,F(&(p,F(q))))",180,type-0
f_05-nw_400-ml_14-0.trace,"?b1(G(!(p)),F(?b2(p,F(q))))",180,type-1-2
f_05-nw_400-ml_14-0.trace,"?b1(?1,F(&(p,F(q))))",180,type-all
f_06-nw_010-ml_06-0.trace,"G(&(p,->(!(q),U(!(q),?1))))",0.38,type-0
f_06-nw_010-ml_06-0.trace,"G(&(p,?b1(!(q),?b2(!(q),&(r,!(q))))))",0.637,type-1-2
f_06-nw_010-ml_06-0.trace,"G(&(p,?b1(!(q),?1)))",0.458,type-all
f_06-nw_010-ml_10-0.trace,"G(&(p,->(!(q),U(!(q),?1))))",0.558,type-0
f_06-nw_010-ml_10-0.trace,"G(&(p,?b1(!(q),?b2(!(q),&(r,!(q))))))",1.014,type-1-2
f_06-nw_010-ml_10-0.trace,"G(&(p,?b1(!(q),?1)))",4.626,type-all
f_06-nw_010-ml_14-0.trace,"G(&(p,->(!(q),U(!(q),?1))))",0.784,type-0
f_06-nw_010-ml_14-0.trace,"G(&(p,?b1(!(q),?b2(!(q),&(r,!(q))))))",1.491,type-1-2
f_06-nw_010-ml_14-0.trace,"G(&(p,?b1(!(q),?1)))",0.903,type-all
f_06-nw_025-ml_06-0.trace,"G(&(p,->(!(q),U(!(q),?1))))",0.721,type-0
f_06-nw_025-ml_06-0.trace,"G(&(p,?b1(!(q),?b2(!(q),&(r,!(q))))))",1.336,type-1-2
f_06-nw_025-ml_06-0.trace,"G(&(p,?b1(!(q),?1)))",0.852,type-all
f_06-nw_025-ml_10-0.trace,"G(&(p,->(!(q),U(!(q),?1))))",1.266,type-0
f_06-nw_025-ml_10-0.trace,"G(&(p,?b1(!(q),?b2(!(q),&(r,!(q))))))",2.337,type-1-2
f_06-nw_025-ml_10-0.trace,"G(&(p,?b1(!(q),?1)))",11.265,type-all
f_06-nw_025-ml_14-0.trace,"G(&(p,->(!(q),U(!(q),?1))))",2.28,type-0
f_06-nw_025-ml_14-0.trace,"G(&(p,?b1(!(q),?b2(!(q),&(r,!(q))))))",3.74,type-1-2
f_06-nw_025-ml_14-0.trace,"G(&(p,?b1(!(q),?1)))",2.415,type-all
f_06-nw_050-ml_06-0.trace,"G(&(p,->(!(q),U(!(q),?1))))",1.396,type-0
f_06-nw_050-ml_06-0.trace,"G(&(p,?b1(!(q),?b2(!(q),&(r,!(q))))))",2.434,type-1-2
f_06-nw_050-ml_06-0.trace,"G(&(p,?b1(!(q),?1)))",1.589,type-all
f_06-nw_050-ml_10-0.trace,"G(&(p,->(!(q),U(!(q),?1))))",2.825,type-0
f_06-nw_050-ml_10-0.trace,"G(&(p,?b1(!(q),?b2(!(q),&(r,!(q))))))",4.878,type-1-2
f_06-nw_050-ml_10-0.trace,"G(&(p,?b1(!(q),?1)))",22.202,type-all
f_06-nw_050-ml_14-0.trace,"G(&(p,->(!(q),U(!(q),?1))))",5.347,type-0
f_06-nw_050-ml_14-0.trace,"G(&(p,?b1(!(q),?b2(!(q),&(r,!(q))))))",8.523,type-1-2
f_06-nw_050-ml_14-0.trace,"G(&(p,?b1(!(q),?1)))",6.102,type-all
f_06-nw_100-ml_06-0.trace,"G(&(p,->(!(q),U(!(q),?1))))",3.376,type-0
f_06-nw_100-ml_06-0.trace,"G(&(p,?b1(!(q),?b2(!(q),&(r,!(q))))))",5.81,type-1-2
f_06-nw_100-ml_06-0.trace,"G(&(p,?b1(!(q),?1)))",5.723,type-all
f_06-nw_100-ml_10-0.trace,"G(&(p,->(!(q),U(!(q),?1))))",7.944,type-0
f_06-nw_100-ml_10-0.trace,"G(&(p,?b1(!(q),?b2(!(q),&(r,!(q))))))",11.817,type-1-2
f_06-nw_100-ml_10-0.trace,"G(&(p,?b1(!(q),?1)))",44.413,type-all
f_06-nw_100-ml_14-0.trace,"G(&(p,->(!(q),U(!(q),?1))))",15.247,type-0
f_06-nw_100-ml_14-0.trace,"G(&(p,?b1(!(q),?b2(!(q),&(r,!(q))))))",21.163,type-1-2
f_06-nw_100-ml_14-0.trace,"G(&(p,?b1(!(q),?1)))",16.509,type-all
f_06-nw_200-ml_06-0.trace,"G(&(p,->(!(q),U(!(q),?1))))",9.429,type-0
f_06-nw_200-ml_06-0.trace,"G(&(p,?b1(!(q),?b2(!(q),&(r,!(q))))))",12.881,type-1-2
f_06-nw_200-ml_06-0.trace,"G(&(p,?b1(!(q),?1)))",13.231,type-all
f_06-nw_200-ml_10-0.trace,"G(&(p,->(!(q),U(!(q),?1))))",25.484,type-0
f_06-nw_200-ml_10-0.trace,"G(&(p,?b1(!(q),?b2(!(q),&(r,!(q))))))",32.258,type-1-2
f_06-nw_200-ml_10-0.trace,"G(&(p,?b1(!(q),?1)))",97.669,type-all
f_06-nw_200-ml_14-0.trace,"G(&(p,->(!(q),U(!(q),?1))))",50.74,type-0
f_06-nw_200-ml_14-0.trace,"G(&(p,?b1(!(q),?b2(!(q),&(r,!(q))))))",62.099,type-1-2
f_06-nw_200-ml_14-0.trace,"G(&(p,?b1(!(q),?1)))",53.571,type-all
f_06-nw_400-ml_06-0.trace,"G(&(p,->(!(q),U(!(q),?1))))",29.263,type-0
f_06-nw_400-ml_06-0.trace,"G(&(p,?b1(!(q),?b2(!(q),&(r,!(q))))))",36.898,type-1-2
f_06-nw_400-ml_06-0.trace,"G(&(p,?b1(!(q),?1)))",36.697,type-all
f_06-nw_400-ml_10-0.trace,"G(&(p,->(!(q),U(!(q),?1))))",81.867,type-0
f_06-nw_400-ml_10-0.trace,"G(&(p,?b1(!(q),?b2(!(q),&(r,!(q))))))",92.775,type-1-2
f_06-nw_400-ml_10-0.trace,"G(&(p,?b1(!(q),?1)))",180,type-all
f_06-nw_400-ml_14-0.trace,"G(&(p,->(!(q),U(!(q),?1))))",175.486,type-0
f_06-nw_400-ml_14-0.trace,"G(&(p,?b1(!(q),?b2(!(q),&(r,!(q))))))",180,type-1-2
f_06-nw_400-ml_14-0.trace,"G(&(p,?b1(!(q),?1)))",180,type-all
f_07-nw_010-ml_06-0.trace,G(?1),0.176,type-0
f_07-nw_010-ml_06-0.trace,?u1(p),0.204,type-1-2
f_07-nw_010-ml_06-0.trace,?u1(?1),0.207,type-all
f_07-nw_010-ml_10-0.trace,G(?1),0.245,type-0
f_07-nw_010-ml_10-0.trace,?u1(p),0.256,type-1-2
f_07-nw_010-ml_10-0.trace,?u1(?1),0.255,type-all
f_07-nw_010-ml_14-0.trace,G(?1),0.209,type-0
f_07-nw_010-ml_14-0.trace,?u1(p),0.318,type-1-2
f_07-nw_010-ml_14-0.trace,?u1(?1),0.318,type-all
f_07-nw_025-ml_06-0.trace,G(?1),0.212,type-0
f_07-nw_025-ml_06-0.trace,?u1(p),0.266,type-1-2
f_07-nw_025-ml_06-0.trace,?u1(?1),0.264,type-all
f_07-nw_025-ml_10-0.trace,G(?1),0.29,type-0
f_07-nw_025-ml_10-0.trace,?u1(p),0.413,type-1-2
f_07-nw_025-ml_10-0.trace,?u1(?1),0.41,type-all
f_07-nw_025-ml_14-0.trace,G(?1),0.714,type-0
f_07-nw_025-ml_14-0.trace,?u1(p),1.01,type-1-2
f_07-nw_025-ml_14-0.trace,?u1(?1),1.126,type-all
f_07-nw_050-ml_06-0.trace,G(?1),0.32,type-0
f_07-nw_050-ml_06-0.trace,?u1(p),0.428,type-1-2
f_07-nw_050-ml_06-0.trace,?u1(?1),0.453,type-all
f_07-nw_050-ml_10-0.trace,G(?1),0.515,type-0
f_07-nw_050-ml_10-0.trace,?u1(p),0.738,type-1-2
f_07-nw_050-ml_10-0.trace,?u1(?1),0.741,type-all
f_07-nw_050-ml_14-0.trace,G(?1),1.049,type-0
f_07-nw_050-ml_14-0.trace,?u1(p),1.458,type-1-2
f_07-nw_050-ml_14-0.trace,?u1(?1),1.449,type-all
f_07-nw_100-ml_06-0.trace,G(?1),0.742,type-0
f_07-nw_100-ml_06-0.trace,?u1(p),0.935,type-1-2
f_07-nw_100-ml_06-0.trace,?u1(?1),0.94,type-all
f_07-nw_100-ml_10-0.trace,G(?1),1.47,type-0
f_07-nw_100-ml_10-0.trace,?u1(p),1.979,type-1-2
f_07-nw_100-ml_10-0.trace,?u1(?1),1.871,type-all
f_07-nw_100-ml_14-0.trace,G(?1),3.229,type-0
f_07-nw_100-ml_14-0.trace,?u1(p),4.034,type-1-2
f_07-nw_100-ml_14-0.trace,?u1(?1),4.029,type-all
f_07-nw_200-ml_06-0.trace,G(?1),2.136,type-0
f_07-nw_200-ml_06-0.trace,?u1(p),2.521,type-1-2
f_07-nw_200-ml_06-0.trace,?u1(?1),2.512,type-all
f_07-nw_200-ml_10-0.trace,G(?1),5.31,type-0
f_07-nw_200-ml_10-0.trace,?u1(p),5.953,type-1-2
f_07-nw_200-ml_10-0.trace,?u1(?1),5.867,type-all
f_07-nw_200-ml_14-0.trace,G(?1),12.473,type-0
f_07-nw_200-ml_14-0.trace,?u1(p),13.818,type-1-2
f_07-nw_200-ml_14-0.trace,?u1(?1),13.838,type-all
f_07-nw_400-ml_06-0.trace,G(?1),7.802,type-0
f_07-nw_400-ml_06-0.trace,?u1(p),8.411,type-1-2
f_07-nw_400-ml_06-0.trace,?u1(?1),8.302,type-all
f_07-nw_400-ml_10-0.trace,G(?1),18.662,type-0
f_07-nw_400-ml_10-0.trace,?u1(p),20.989,type-1-2
f_07-nw_400-ml_10-0.trace,?u1(?1),21.143,type-all
f_07-nw_400-ml_14-0.trace,G(?1),45.002,type-0
f_07-nw_400-ml_14-0.trace,?u1(p),47.381,type-1-2
f_07-nw_400-ml_14-0.trace,?u1(?1),47.726,type-all
f_08-nw_010-ml_06-0.trace,"->(?1,U(p,q))",0.11,type-0
f_08-nw_010-ml_06-0.trace,"?b1(F(q),?b2(p,q))",0.432,type-1-2
f_08-nw_010-ml_06-0.trace,"->(?1,?b1(p,q))",0.11,type-all
f_08-nw_010-ml_10-0.trace,"->(?1,U(p,q))",0.126,type-0
f_08-nw_010-ml_10-0.trace,"?b1(F(q),?b2(p,q))",0.831,type-1-2
f_08-nw_010-ml_10-0.trace,"->(?1,?b1(p,q))",0.117,type-all
f_08-nw_010-ml_14-0.trace,"->(?1,U(p,q))",0.114,type-0
f_08-nw_010-ml_14-0.trace,"?b1(F(q),?b2(p,q))",1.097,type-1-2
f_08-nw_010-ml_14-0.trace,"->(?1,?b1(p,q))",0.116,type-all
f_08-nw_025-ml_06-0.trace,"->(?1,U(p,q))",0.113,type-0
f_08-nw_025-ml_06-0.trace,"?b1(F(q),?b2(p,q))",0.795,type-1-2
f_08-nw_025-ml_06-0.trace,"->(?1,?b1(p,q))",0.109,type-all
f_08-nw_025-ml_10-0.trace,"->(?1,U(p,q))",0.111,type-0
f_08-nw_025-ml_10-0.trace,"?b1(F(q),?b2(p,q))",1.62,type-1-2
f_08-nw_025-ml_10-0.trace,"->(?1,?b1(p,q))",0.107,type-all
f_08-nw_025-ml_14-0.trace,"->(?1,U(p,q))",0.119,type-0
f_08-nw_025-ml_14-0.trace,"?b1(F(q),?b2(p,q))",2.625,type-1-2
f_08-nw_025-ml_14-0.trace,"->(?1,?b1(p,q))",0.11,type-all
f_08-nw_050-ml_06-0.trace,"->(?1,U(p,q))",0.109,type-0
f_08-nw_050-ml_06-0.trace,"?b1(F(q),?b2(p,q))",1.507,type-1-2
f_08-nw_050-ml_06-0.trace,"->(?1,?b1(p,q))",0.133,type-all
f_08-nw_050-ml_10-0.trace,"->(?1,U(p,q))",0.111,type-0
f_08-nw_050-ml_10-0.trace,"?b1(F(q),?b2(p,q))",3.649,type-1-2
f_08-nw_050-ml_10-0.trace,"->(?1,?b1(p,q))",0.118,type-all
f_08-nw_050-ml_14-0.trace,"->(?1,U(p,q))",0.111,type-0
f_08-nw_050-ml_14-0.trace,"?b1(F(q),?b2(p,q))",6.382,type-1-2
f_08-nw_050-ml_14-0.trace,"->(?1,?b1(p,q))",0.114,type-all
f_08-nw_100-ml_06-0.trace,"->(?1,U(p,q))",0.109,type-0
f_08-nw_100-ml_06-0.trace,"?b1(F(q),?b2(p,q))",3.36,type-1-2
f_08-nw_100-ml_06-0.trace,"->(?1,?b1(p,q))",0.108,type-all
f_08-nw_100-ml_10-0.trace,"->(?1,U(p,q))",0.118,type-0
f_08-nw_100-ml_10-0.trace,"?b1(F(q),?b2(p,q))",8.877,type-1-2
f_08-nw_100-ml_10-0.trace,"->(?1,?b1(p,q))",0.112,type-all
f_08-nw_100-ml_14-0.trace,"->(?1,U(p,q))",0.113,type-0
f_08-nw_100-ml_14-0.trace,"?b1(F(q),?b2(p,q))",16.869,type-1-2
f_08-nw_100-ml_14-0.trace,"->(?1,?b1(p,q))",0.108,type-all
f_08-nw_200-ml_06-0.trace,"->(?1,U(p,q))",0.109,type-0
f_08-nw_200-ml_06-0.trace,"?b1(F(q),?b2(p,q))",9.414,type-1-2
f_08-nw_200-ml_06-0.trace,"->(?1,?b1(p,q))",0.108,type-all
f_08-nw_200-ml_10-0.trace,"->(?1,U(p,q))",0.109,type-0
f_08-nw_200-ml_10-0.trace,"?b1(F(q),?b2(p,q))",27.435,type-1-2
f_08-nw_200-ml_10-0.trace,"->(?1,?b1(p,q))",0.107,type-all
f_08-nw_200-ml_14-0.trace,"->(?1,U(p,q))",0.286,type-0
f_08-nw_200-ml_14-0.trace,"?b1(F(q),?b2(p,q))",53.127,type-1-2
f_08-nw_200-ml_14-0.trace,"->(?1,?b1(p,q))",0.108,type-all
f_08-nw_400-ml_06-0.trace,"->(?1,U(p,q))",0.197,type-0
f_08-nw_400-ml_06-0.trace,"?b1(F(q),?b2(p,q))",40.05,type-1-2
f_08-nw_400-ml_06-0.trace,"->(?1,?b1(p,q))",0.217,type-all
f_08-nw_400-ml_10-0.trace,"->(?1,U(p,q))",0.114,type-0
f_08-nw_400-ml_10-0.trace,"?b1(F(q),?b2(p,q))",66.774,type-1-2
f_08-nw_400-ml_10-0.trace,"->(?1,?b1(p,q))",0.108,type-all
f_08-nw_400-ml_14-0.trace,"->(?1,U(p,q))",0.114,type-0
f_08-nw_400-ml_14-0.trace,"?b1(F(q),?b2(p,q))",143.551,type-1-2
f_08-nw_400-ml_14-0.trace,"->(?1,?b1(p,q))",0.118,type-all
f_09-nw_010-ml_06-0.trace,"G(->(q,?1))",0.223,type-0
f_09-nw_010-ml_06-0.trace,"?u1(->(q,?u1(p)))",0.362,type-1-2
f_09-nw_010-ml_06-0.trace,"?u1(->(q,?1))",0.289,type-all
f_09-nw_010-ml_10-0.trace,"G(->(q,?1))",0.323,type-0
f_09-nw_010-ml_10-0.trace,"?u1(->(q,?u1(p)))",0.673,type-1-2
f_09-nw_010-ml_10-0.trace,"?u1(->(q,?1))",0.48,type-all
f_09-nw_010-ml_14-0.trace,"G(->(q,?1))",0.488,type-0
f_09-nw_010-ml_14-0.trace,"?u1(->(q,?u1(p)))",0.935,type-1-2
f_09-nw_010-ml_14-0.trace,"?u1(->(q,?1))",0.955,type-all
f_09-nw_025-ml_06-0.trace,"G(->(q,?1))",0.751,type-0
f_09-nw_025-ml_06-0.trace,"?u1(->(q,?u1(p)))",0.708,type-1-2
f_09-nw_025-ml_06-0.trace,"?u1(->(q,?1))",0.874,type-all
f_09-nw_025-ml_10-0.trace,"G(->(q,?1))",0.699,type-0
f_09-nw_025-ml_10-0.trace,"?u1(->(q,?u1(p)))",1.35,type-1-2
f_09-nw_025-ml_10-0.trace,"?u1(->(q,?1))",1.025,type-all
f_09-nw_025-ml_14-0.trace,"G(->(q,?1))",1.193,type-0
f_09-nw_025-ml_14-0.trace,"?u1(->(q,?u1(p)))",2.211,type-1-2
f_09-nw_025-ml_14-0.trace,"?u1(->(q,?1))",1.863,type-all
f_09-nw_050-ml_06-0.trace,"G(->(q,?1))",1.25,type-0
f_09-nw_050-ml_06-0.trace,"?u1(->(q,?u1(p)))",1.173,type-1-2
f_09-nw_050-ml_06-0.trace,"?u1(->(q,?1))",1.508,type-all
f_09-nw_050-ml_10-0.trace,"G(->(q,?1))",2.149,type-0
f_09-nw_050-ml_10-0.trace,"?u1(->(q,?u1(p)))",3.401,type-1-2
f_09-nw_050-ml_10-0.trace,"?u1(->(q,?1))",2.397,type-all
f_09-nw_050-ml_14-0.trace,"G(->(q,?1))",3.285,type-0
f_09-nw_050-ml_14-0.trace,"?u1(->(q,?u1(p)))",5.34,type-1-2
f_09-nw_050-ml_14-0.trace,"?u1(->(q,?1))",4.26,type-all
f_09-nw_100-ml_06-0.trace,"G(->(q,?1))",2.979,type-0
f_09-nw_100-ml_06-0.trace,"?u1(->(q,?u1(p)))",2.884,type-1-2
f_09-nw_100-ml_06-0.trace,"?u1(->(q,?1))",3.527,type-all
f_09-nw_100-ml_10-0.trace,"G(->(q,?1))",8.352,type-0
f_09-nw_100-ml_10-0.trace,"?u1(->(q,?u1(p)))",8.023,type-1-2
f_09-nw_100-ml_10-0.trace,"?u1(->(q,?1))",9.633,type-all
f_09-nw_100-ml_14-0.trace,"G(->(q,?1))",15.633,type-0
f_09-nw_100-ml_14-0.trace,"?u1(->(q,?u1(p)))",15.161,type-1-2
f_09-nw_100-ml_14-0.trace,"?u1(->(q,?1))",19.218,type-all
f_09-nw_200-ml_06-0.trace,"G(->(q,?1))",8.364,type-0
f_09-nw_200-ml_06-0.trace,"?u1(->(q,?u1(p)))",8.153,type-1-2
f_09-nw_200-ml_06-0.trace,"?u1(->(q,?1))",9.38,type-all
f_09-nw_200-ml_10-0.trace,"G(->(q,?1))",24.201,type-0
f_09-nw_200-ml_10-0.trace,"?u1(->(q,?u1(p)))",24.429,type-1-2
f_09-nw_200-ml_10-0.trace,"?u1(->(q,?1))",27.454,type-all
f_09-nw_200-ml_14-0.trace,"G(->(q,?1))",80.863,type-0
f_09-nw_200-ml_14-0.trace,"?u1(->(q,?u1(p)))",85.731,type-1-2
f_09-nw_200-ml_14-0.trace,"?u1(->(q,?1))",92.915,type-all
f_09-nw_400-ml_06-0.trace,"G(->(q,?1))",28.082,type-0
f_09-nw_400-ml_06-0.trace,"?u1(->(q,?u1(p)))",27.114,type-1-2
f_09-nw_400-ml_06-0.trace,"?u1(->(q,?1))",29.902,type-all
f_09-nw_400-ml_10-0.trace,"G(->(q,?1))",86.881,type-0
f_09-nw_400-ml_10-0.trace,"?u1(->(q,?u1(p)))",86.202,type-1-2
f_09-nw_400-ml_10-0.trace,"?u1(->(q,?1))",91.033,type-all
f_09-nw_400-ml_14-0.trace,"G(->(q,?1))",180,type-0
f_09-nw_400-ml_14-0.trace,"?u1(->(q,?u1(p)))",178.279,type-1-2
f_09-nw_400-ml_14-0.trace,"?u1(->(q,?1))",180,type-all
